{"cameraMode":{"drawMode":0,"name":"Shaded","section":"Shading Mode"},"sceneLighting":false,"audioPlay":false,"sceneViewState":{"m_AlwaysRefresh":false,"showFog":true,"showSkybox":true,"showFlares":true,"showImageEffects":true,"showParticleSystems":true,"showVisualEffectGraphs":true,"m_FxEnabled":false},"in2DMode":false,"pivot":{"x":-2.308865547180176,"y":-1.2674007415771485,"z":0.3291130065917969},"rotation":{"x":0.004960010759532452,"y":0.9757949113845825,"z":-0.21749959886074067,"w":0.022252744063735009},"size":12.12435531616211,"orthographic":false}